{"main":"american-flights-api.raml","name":"American Flights API","classifier":"raml","groupId":"9b363054-9b5c-41fb-8310-040891ef68a3","assetId":"american-flights-api","version":"1.0.0","apiVersion":"v1","dependencies":[{"groupId":"68ef9520-24e9-4cf2-b2f5-620025690913","assetId":"training-american-flight-data-type","version":"1.0.1","scope":"","classifier":"raml-fragment","packaging":"zip","provided":false},{"groupId":"68ef9520-24e9-4cf2-b2f5-620025690913","assetId":"training-american-flights-example","version":"1.0.1","scope":"","classifier":"raml-fragment","packaging":"zip","provided":false}],"organizationId":"9b363054-9b5c-41fb-8310-040891ef68a3","descriptorVersion":"1.0.0"}